{
    "filterID": 702,
    "filterName": "WBGPUImageFilter",
    "filterDescription": "径向模糊",
    "uniforms": [
      {
        "uniformType": "int",
        "uniformName": "count",
        "uniformValue": 50,
        "injectionType": 1
      },
      {
        "uniformType": "float",
        "uniformName": "center_x",
        "uniformValue": 200.0,
        "injectionType": 1
      },
      {
        "uniformType": "float",
        "uniformName": "center_y",
        "uniformValue": 200.0,
        "injectionType": 1
      },
      {
        "uniformType": "int",
        "uniformName": "radialtype",
        "uniformValue": 1,
        "injectionType": 1
      }
    ]
}
